id;name;folder;ell_L;ell_R;in_angle_L;in_angle_R;out_angle_L;out_angle_R;tilt_L;tilt_R;dist_L;dist_R;sagging_L;sagging_R;golden_ratio_L;golden_ratio_R;area_L;area_R;ratio_L;ratio_R;ratio1_L;ratio1_R;ratio2_L;ratio2_R
0;E:\Data\Etude_typo_regard\EXTRACT\CHINE\Sub 01_D0_Front Face_ILLUS_rect.jpg;CHINE;0.3596401045592324;0.34294966675522576;0.8531112593588404;0.8349515310065491;1.1803620344487102;1.1402550661972506;0.1112579266879271;0.11684134077242984;298.7189314389029;339.8602654032978;0.9710358670914254;0.9975112006697185;1.8923030631207491;1.8858302916388212;47429.5;43182.0;1.371433668811357;1.362920581032026;1.4265838658801269;1.4168067611090236;2.148479262112287;2.148479262112287
1;E:\Data\Etude_typo_regard\EXTRACT\CHINE\Sub 02_D0_Front Face_ILLUS_rect.jpg;CHINE;0.29632753036590276;0.32223443623403325;0.7547799440172738;0.7578444638774541;0.8987313632371383;1.0443522394089506;0.11127273676099207;0.1374872128308763;410.18288603987367;376.7452720340363;0.9489830182272625;0.9742269041487276;1.8594219569298602;1.850733806752591;53434.0;48573.0;1.375544023796547;1.3431349655423728;1.4087295526050454;1.3734566177659706;2.0883665474769386;2.0883665474769386
2;E:\Data\Etude_typo_regard\EXTRACT\CHINE\Sub 03_D0_Front Face_ILLUS_rect.jpg;CHINE;0.3159682714086272;0.32355206797135233;0.764832847684459;0.801314504572681;1.0079477930633927;1.0056616534744918;0.1166335674011301;0.12080282386102632;369.58354941744903;388.329756778952;0.9914110439705066;1.0103231604334357;1.8116177169384389;1.807106559775468;47547.0;48906.0;1.3338327108978834;1.333030313287426;1.3627975288574308;1.3619255116442222;2.0867644691906997;2.0867644691906997
3;E:\Data\Etude_typo_regard\EXTRACT\CHINE\Sub 04_D0_Front Face_ILLUS_rect.jpg;CHINE;0.3182446666013375;0.3240597795717841;0.8106413950918461;0.8311907385025803;1.026151908728436;1.0370546053625638;0.13121833954703369;0.13864889288259355;327.23233336576016;367.78934187928826;0.9955036903139635;1.0147205472265328;1.8216212732809314;1.8396914720555628;45855.5;45326.0;1.3555871613539285;1.350340074546044;1.3737661558901368;1.36825081765819;2.0511238776647343;2.0511238776647343
4;E:\Data\Etude_typo_regard\EXTRACT\CHINE\Sub 06_D0_Front Face_ILLUS_rect.jpg;CHINE;0.33411045209791973;0.32857276753173326;0.8402654497056445;0.8085909672918157;1.029597713281207;1.0702269019000414;0.1055491836231612;0.12401455308271692;361.53146474408004;346.2210276687423;1.0219618360920264;1.0567417507812087;1.8139732821138312;1.8173074884145852;47759.0;50137.5;1.3267532432217466;1.3370598279965786;1.336425245252328;1.3470369082809752;2.0296003244993583;2.0296003244993583
5;E:\Data\Etude_typo_regard\EXTRACT\CHINE\Sub 07_D0_Front Face_ILLUS_rect.jpg;CHINE;0.326979241231465;0.3320810483313668;0.8158088721213504;0.8392616135896344;1.0260735538913492;1.047229402002596;0.1354960082150618;0.13192184824862221;331.3125412657963;353.63823322712153;1.0277161988901535;1.057609827228848;1.8416945264628128;1.8415634600123083;43753.0;42970.5;1.349819400020812;1.3430135235198353;1.3783763715541033;1.3710149077372547;2.0816334701036947;2.0816334701036947
6;E:\Data\Etude_typo_regard\EXTRACT\CHINE\Sub 08_D0_Front Face_ILLUS_rect.jpg;CHINE;0.20916898783555413;0.21576326453916791;0.5840819846629901;0.6210672215810339;0.6249656760930768;0.6350896297905327;0.10764856371944236;0.1055192756275886;376.3416001453998;376.66165188402175;1.0849094023330585;1.1359409593651653;1.7957444700346166;1.8026053829378141;31176.0;30554.0;1.3508169586361267;1.3405026357212424;1.3812794023781267;1.3700694571912946;2.0868328710802038;2.0868328710802038
7;E:\Data\Etude_typo_regard\EXTRACT\CHINE\Sub 09_D0_Front Face_ILLUS_rect.jpg;CHINE;0.361723091347084;0.3492019809681136;0.9573005025209179;0.8617359501556908;1.1246339186504433;1.1794220502900936;0.11992945744761574;0.11438697332085764;293.00170647967224;390.85163425525036;0.9900424712754249;1.0155375129261812;1.837007697566938;1.875234940606191;52489.5;52896.0;1.341762089412634;1.35000872828739;1.3707350159234608;1.3796807647038538;2.084775132784975;2.084775132784975
8;E:\Data\Etude_typo_regard\EXTRACT\CHINE\Sub 11_D0_Front Face_ILLUS_rect.jpg;CHINE;0.3506553696452959;0.3457882434550916;0.7762155902956094;0.8181187262392301;1.1771770467753004;1.084587225998976;0.06825806213052736;0.06451105480396795;364.6052660069517;327.0244639166923;0.8886767390045652;0.9142937758204976;1.9062916703335098;1.8871086833239643;52907.0;50379.0;1.3179703290762443;1.3118892535683815;1.3458317515775107;1.3392178357430713;2.0876227117863744;2.0876227117863744
9;E:\Data\Etude_typo_regard\EXTRACT\CHINE\Sub 12_D0_Front Face_ILLUS_rect.jpg;CHINE;0.3032798151912672;0.3076278765770497;0.8305042296912738;0.8460966693386363;0.893832886448498;0.9337169939312835;0.1287642085017125;0.13567073083327238;389.1734831665693;371.32330926027254;1.0009007803765477;1.0712812103648943;1.8099797421951649;1.8105132613403367;40816.5;39558.5;1.3318420687991117;1.3226664388087443;1.3594349335949107;1.3494963445298946;2.0831505929783214;2.0831505929783214
10;E:\Data\Etude_typo_regard\EXTRACT\CHINE\Sub 13_D0_Front Face_ILLUS_rect.jpg;CHINE;0.27369317395477794;0.27973398025545393;0.7063025091518248;0.6952044939402621;0.8414368390367668;0.9036946445797241;0.12735401861530196;0.12488484761743504;365.13148316736533;347.80454281104494;1.0598287532065829;1.080708482314838;1.8100584691379022;1.8216708595670896;40246.5;40032.0;1.3495035317182849;1.3443576341549173;1.3755982491733931;1.3700681473580434;2.074662242543923;2.074662242543923
11;E:\Data\Etude_typo_regard\EXTRACT\CHINE\Sub 14_D0_Front Face_ILLUS_rect.jpg;CHINE;0.3454833436425739;0.3451415133733018;0.836566997173426;0.8339978293613743;1.117309643380057;1.1076899108639382;0.13038621895977084;0.1344220624003695;361.3585477057378;344.77238868563705;1.0318441085031476;1.031856578921443;1.8600938825005466;1.8442831434732772;54467.5;48625.0;1.3444155793560641;1.3248544521724788;1.3620775556738776;1.3415133142708011;2.0512810028827237;2.0512810028827237
12;E:\Data\Etude_typo_regard\EXTRACT\CHINE\Sub 16_D0_Front Face_ILLUS_rect.jpg;CHINE;0.29436987277811977;0.2860457588410198;0.7135159900111792;0.6996288166662483;0.9445312391481439;0.9115364819565472;0.12492975061750829;0.10982670658683936;392.0471910369975;342.0321622303961;1.0119366229495732;1.0337226659183367;1.8315045792909224;1.8084610029374066;45676.0;43617.5;1.3536227013773905;1.349917357285373;1.3697635315630294;1.3658890599530795;2.045644213798405;2.045644213798405
13;E:\Data\Etude_typo_regard\EXTRACT\CHINE\Sub 18_D0_Front Face_ILLUS_rect.jpg;CHINE;0.33509059812749886;0.34565718613287905;0.8453263185186563;0.8823135455836595;1.0146640327192173;1.0542222534073304;0.12322672132228056;0.12205845172272982;327.1819065902025;323.44551318576055;0.9753646983886181;0.9559116319702136;1.8435459868134272;1.8405080813374848;43192.5;43335.0;1.323534416839664;1.3178877915112586;1.3550475472462293;1.3488509252835577;2.097402714414097;2.097402714414097
14;E:\Data\Etude_typo_regard\EXTRACT\CHINE\Sub 19_D0_Front Face_ILLUS_rect.jpg;CHINE;0.3630267518218944;0.3532300345885848;0.8623935183506575;0.885647991998095;1.1495688343547845;1.0872195444281978;0.1164768826072466;0.11519789176559388;330.67809120049066;292.85662020859286;0.9074785654749733;0.9390302461408415;1.8624209457338392;1.8490796171964399;43052.0;44070.5;1.3115601818196645;1.3191659469039934;1.3344515074112933;1.3426160924446346;2.0734732065501187;2.0734732065501187
15;E:\Data\Etude_typo_regard\EXTRACT\CHINE\Sub 21_D0_Front Face_ILLUS_rect.jpg;CHINE;0.3433950556128094;0.33989522159268337;0.8531884188695943;0.8099989932942414;1.1158412805390585;1.1695820375121186;0.13294929437698855;0.1266655264794782;324.05246488801777;355.92414922283655;1.0016161711136566;1.024184831175894;1.8477301553974155;1.8696041872396252;57747.0;57505.5;1.3697794831471373;1.370777329012153;1.3898286310051982;1.390880579275023;2.054219200285061;2.054219200285061
16;E:\Data\Etude_typo_regard\EXTRACT\CHINE\Sub 22_D0_Front Face_ILLUS_rect.jpg;CHINE;0.2890568470775434;0.2853596396177072;0.7544471578657413;0.6626739721992172;0.8833900378419995;1.000515987834925;0.10533277443203899;0.10933334852504357;340.6537831875642;383.64827641995214;1.049883778884424;1.0551967657678782;1.8385625475016734;1.8417113529145306;43713.5;39959.0;1.3430710137590487;1.3311729463011714;1.3633105410121418;1.3507105452335526;2.058995153893439;2.058995153893439
17;E:\Data\Etude_typo_regard\EXTRACT\CHINE\Sub 23_D0_Front Face_ILLUS_rect.jpg;CHINE;0.21599157431872223;0.2286453542392208;0.5824154852994475;0.5670970365217997;0.6478227654659003;0.7501730592147771;0.09151379939066508;0.10290729672087513;397.0302255496425;394.6137351892354;1.0547867229295942;1.1110047043200513;1.7834228471021627;1.8050667205638342;37215.5;37414.0;1.3768912542245801;1.366130372535258;1.412977050989531;1.4011858588716701;2.0957459117463313;2.0957459117463313
18;E:\Data\Etude_typo_regard\EXTRACT\CHINE\Sub 24_D0_Front Face_ILLUS_rect.jpg;CHINE;0.3380707877504474;0.3282880433552604;0.8033545757700341;0.7890474688530755;1.0709405116962105;1.037855069916176;0.13533781653240903;0.12144578738663199;348.919761549844;377.36189526765946;1.0076796047225924;0.9743228195537946;1.8398953041484842;1.8495006203921653;52114.5;49869.0;1.357559006207839;1.354950387554357;1.3789260168559028;1.3761615123721718;2.0597579987557175;2.0597579987557175
19;E:\Data\Etude_typo_regard\EXTRACT\CHINE\Sub 25_D0_Front Face_ILLUS_rect.jpg;CHINE;0.2791533251291874;0.2886256164809438;0.7188634118280023;0.7277302164764288;0.8727406880170676;0.95550718364281;0.11775984330657413;0.10825469004897924;341.1407334224396;336.58579886857973;0.9879597685601886;1.0514407458216328;1.8333002943303054;1.851233787498278;37665.5;39784.5;1.3362935215545475;1.3380982907934793;1.3671246164774469;1.3690948453763276;2.0916791223939724;2.0916791223939724
20;E:\Data\Etude_typo_regard\EXTRACT\CHINE\Sub 26_D0_Front Face_ILLUS_rect.jpg;CHINE;0.26560199588636163;0.26674999515398845;0.6578921230182248;0.6270743273780912;0.7711623732282621;0.8382674511616449;0.17399488178986763;0.1616098384849291;315.12695854210887;360.91688793959196;1.0280342220108678;1.0658316757361164;1.7859296801353985;1.8154547540711679;35808.0;36734.0;1.4598226044658096;1.4655372981540853;1.5242111510005174;1.5307260681160573;2.1400291023306917;2.1400291023306917
21;E:\Data\Etude_typo_regard\EXTRACT\CHINE\Sub 27_D0_Front Face_ILLUS_rect.jpg;CHINE;0.30667659911147876;0.29289767120251514;0.7952368441360003;0.7444875854596492;0.9498564254475608;0.9278676781971259;0.09661564254501237;0.10330255864660536;348.0531568596958;408.8275920238261;0.9458519494653087;1.0004410622928321;1.8261207071132801;1.8589320377481255;42248.5;41547.5;1.322611216113091;1.3273037359924875;1.3458405094131336;1.3508709094254905;2.0720039854159924;2.0720039854159924
22;E:\Data\Etude_typo_regard\EXTRACT\CHINE\Sub 29_D0_Front Face_ILLUS_rect.jpg;CHINE;0.28131171532040256;0.27795436481350894;0.7349284576477882;0.7334714349976011;0.8463847254564496;0.8320906340442795;0.11127770827104932;0.10302176270415013;296.3848849047468;316.8106690122667;1.0834301533294393;1.0872782687788247;1.830203192873745;1.845631903439365;33866.0;33813.0;1.3281762994074469;1.3303058840787396;1.3388708972096885;1.341069880711995;2.032587965132009;2.032587965132009
23;E:\Data\Etude_typo_regard\EXTRACT\CHINE\Sub 30_D0_Front Face_ILLUS_rect.jpg;CHINE;0.2798587159946386;0.29772186519367627;0.6815365238317032;0.7156912544268117;0.8756950697413813;0.9530415683962267;0.11356536896718754;0.1054214003231232;341.84353145847297;369.0758729583932;1.0336384996853967;1.0248528892942195;1.8056601607059553;1.8299601661132252;39348.0;41375.5;1.3407018888125144;1.3375891594362737;1.3782349348083582;1.3747792950500874;2.110163891743195;2.110163891743195
24;E:\Data\Etude_typo_regard\EXTRACT\CHINE\Sub 33_D0_Front Face_ILLUS_rect.jpg;CHINE;0.31678085332635825;0.30009973565981474;0.7999634062409101;0.766856259782678;1.0151319735059898;0.956908222683098;0.11568529497494522;0.11958431993480037;296.8450774393943;345.4924022319449;0.9640432305517275;0.9698626906299024;1.8532590368969069;1.863812509173097;40737.0;39311.0;1.3631889302193205;1.3665423288231342;1.396946722651615;1.4006118139436996;2.0929482966672714;2.0929482966672714
25;E:\Data\Etude_typo_regard\EXTRACT\CHINE\Sub 34_D0_Front Face_ILLUS_rect.jpg;CHINE;0.3312487842943025;0.32372534859678165;0.8293403897854106;0.8015673175486431;1.0547948562708154;1.0522205403712652;0.0845885073676653;0.08874337105075909;366.77104574925215;357.6171136844544;0.9504129301737955;1.0085880822338698;1.8678397877106456;1.8573353732389237;52737.5;49075.5;1.3459925907993247;1.337947180923002;1.3770340711814009;1.3682668497996218;2.0897171824123837;2.0897171824123837
26;E:\Data\Etude_typo_regard\EXTRACT\CHINE\Sub 35_D0_Front Face_ILLUS_rect.jpg;CHINE;0.31543848254894236;0.30259722383488913;0.7891434642372842;0.7830273759947575;0.9886861528941093;0.9162091976795633;0.19274064865393392;0.18524368516186043;325.1861005639694;345.418586645247;0.978602078950709;0.9877294039556759;1.8301214860041795;1.8283655969167196;38140.0;37550.0;1.4413352796416095;1.4471551725789293;1.5282354255168693;1.5352012715845218;2.1969027854420067;2.1969027854420067
27;E:\Data\Etude_typo_regard\EXTRACT\CHINE\Sub 36_D0_Front Face_ILLUS_rect.jpg;CHINE;0.30816576960545383;0.293561833097699;0.7552661822347001;0.7100004132400191;0.9236637213292934;0.947588823453828;0.11856371386392621;0.11923722392386683;328.7582698579611;417.3787249010184;0.9909744410158903;1.0505176608876967;1.8127902372434648;1.8506368489181526;42659.5;45207.5;1.3310532133418636;1.349356035843821;1.353823744388184;1.373385473226706;2.0687820873764076;2.0687820873764076
28;E:\Data\Etude_typo_regard\EXTRACT\CHINE\Sub 37_D0_Front Face_ILLUS_rect.jpg;CHINE;0.3430809755146782;0.3441049103407917;0.8494420752951048;0.89148576633321;1.088369118814816;1.0682386810321387;0.14016667321393214;0.12988994046158575;286.67751917442007;341.5025622158639;0.9780707879095676;0.9761536252659337;1.8378599506793247;1.8595270374260446;44828.0;46882.0;1.3570315851148242;1.3638563089397655;1.3802417023486557;1.3875100917949856;2.0650085824377884;2.0650085824377884
29;E:\Data\Etude_typo_regard\EXTRACT\CHINE\Sub 38_D0_Front Face_ILLUS_rect.jpg;CHINE;0.32606703871151616;0.3351355205892825;0.7927344775423281;0.8328382939142699;1.0417577411981898;1.0649591341292302;0.12337125549716207;0.1388078505474167;344.9478221412624;319.18803235710453;0.930060258304032;0.9496785977952917;1.8562800920721416;1.844741393132029;46279.0;40285.5;1.3797757998247013;1.3468243076015178;1.421096714767356;1.384559986707618;2.108803443931204;2.108803443931204
30;E:\Data\Etude_typo_regard\EXTRACT\CHINE\Sub 39_D0_Front Face_ILLUS_rect.jpg;CHINE;0.31631341569546306;0.30560319060035096;0.8240174739879127;0.754823102939901;0.9951875560119665;1.0174299401588451;0.1355470123565262;0.1128285903395099;328.977202857584;359.87358891699733;1.0095610061321376;1.0450476372432267;1.8458446647036868;1.8556587274388123;41462.0;40064.5;1.3308235548453997;1.3315964920056034;1.3560700323821497;1.3569019554892927;2.0763140265164854;2.0763140265164854
31;E:\Data\Etude_typo_regard\EXTRACT\CHINE\Sub 40_D0_Front Face_ILLUS_rect.jpg;CHINE;0.32116324009496583;0.31553053603639236;0.8309658025263257;0.8190932707434645;0.9943906593747596;0.9990966265659911;0.10688561247882844;0.11182907520915983;306.78983033992506;327.3606573795941;0.9857815855488619;0.9722650589369967;1.8339202567539044;1.8487224591974427;40346.5;39915.0;1.310408596174103;1.3103519177675749;1.3243731129075245;1.3243138846793543;2.0449875322576085;2.0449875322576085
32;E:\Data\Etude_typo_regard\EXTRACT\CHINE\Sub 43_D0_Front Face_ILLUS_rect.jpg;CHINE;0.34043797017881733;0.35482613781628325;0.8151402015403206;0.8659687068612468;1.1219640507622228;1.1193933852935332;0.10479700572050749;0.09475691950313507;390.51248379533274;330.31046002208285;0.865308008920091;0.847127353757742;1.8668184709715505;1.8427187098433424;57232.0;53734.5;1.359346801437395;1.3399723045032637;1.3887731194297703;1.3678120768371123;2.081888353742595;2.081888353742595
33;E:\Data\Etude_typo_regard\EXTRACT\CHINE\Sub 45_D0_Front Face_ILLUS_rect.jpg;CHINE;0.32998597060913626;0.3239802065493369;0.8676608763274944;0.7789781844190048;1.0061114530187587;1.0978237447767338;0.13886569365565574;0.1343849824281657;326.0490760606446;339.8720347424895;0.9998839783415231;1.0263989183046194;1.8306926236095786;1.8506702555527903;52767.5;49660.5;1.34747080229679;1.3408642578353782;1.3593364832649937;1.3525043338078144;2.0341487137617635;2.0341487137617635
34;E:\Data\Etude_typo_regard\EXTRACT\CHINE\Sub 46_D0_Front Face_ILLUS_rect.jpg;CHINE;0.3246529432867624;0.31035459229879286;0.8571642410066775;0.8444930314051085;1.0188553406200307;0.9615806679203881;0.15040912316682553;0.15423301508472875;324.4225639501667;360.17356926904006;0.9820528572805896;0.9825891976868738;1.8243909005757157;1.8325156867002168;41470.5;38811.0;1.3311150789888775;1.3265379614959074;1.3422855219783651;1.3375539916142942;2.033735832942428;2.033735832942428
35;E:\Data\Etude_typo_regard\EXTRACT\CHINE\Sub 47_D0_Front Face_ILLUS_rect.jpg;CHINE;0.4101883843943734;0.4094939586153043;0.9662866935067944;1.0200362676503363;1.3772392101281912;1.3067092749523213;0.14715643222487712;0.1428237727795772;344.3980255460243;352.80022675729674;0.9361157450439888;0.9453972238808435;1.8660217879705026;1.8599734811800428;69592.0;73377.5;1.367630242930728;1.3772229107611447;1.3801544394521028;1.3900739042731987;2.0340673727534835;2.0340673727534835
36;E:\Data\Etude_typo_regard\EXTRACT\CHINE\Sub 48_D0_Front Face_ILLUS_rect.jpg;CHINE;0.3196244593067457;0.3099719900168343;0.8337809141954424;0.7806160298872055;0.9803258981848859;1.01848167198173;0.13284418705637605;0.1323373394952707;362.8360511305347;440.477014156244;1.0213524098195483;1.0282934601706326;1.8190082452478815;1.8568497358965121;49414.0;49570.0;1.3462439280771832;1.3515244093376038;1.3721157708271798;1.3777908172185256;2.074721433798629;2.074721433798629
37;E:\Data\Etude_typo_regard\EXTRACT\CHINE\Sub 49_D0_Front Face_ILLUS_rect.jpg;CHINE;0.2987575717859658;0.2979468331209386;0.7231663854421223;0.7126742670877293;0.9915318951576526;1.0070270865057473;0.16423914330637315;0.15916410982479542;348.0488471464889;367.4955782046908;0.980012160958795;0.9818329805457015;1.841195001076507;1.8521965504614137;46817.5;48208.5;1.409450075827573;1.415739318375713;1.4502078763880761;1.457123167650301;2.09954278425306;2.09954278425306
38;E:\Data\Etude_typo_regard\EXTRACT\CHINE\Sub 50_D0_Front Face_ILLUS_rect.jpg;CHINE;0.37182493803383954;0.36505241368123115;0.9010522812285904;0.915738592637272;1.1608517635950286;1.1464037224810801;0.14086001898758738;0.1332365167639114;362.3547985055531;400.9351568520775;1.023380332642793;1.034297625674941;1.8263525379920875;1.8408366709266808;59297.0;60361.5;1.3580758353614073;1.3636630084186374;1.3705884679394766;1.3763708796492806;2.0349440854210123;2.0349440854210123
39;E:\Data\Etude_typo_regard\EXTRACT\CHINE\Sub 51_D0_Front Face_ILLUS_rect.jpg;CHINE;0.31569668475576385;0.30601999061831425;0.8042874988400981;0.8023238170568782;1.026139633337188;0.9744971834977099;0.11624237573876048;0.11090893220431133;362.8911682584739;373.4300469967568;1.0193619233324684;1.0443813607181114;1.8506407650117926;1.8453078376519367;46438.0;44023.0;1.3307395039155094;1.3269855565170452;1.363019785818263;1.3588994519469526;2.097600321463262;2.097600321463262
40;E:\Data\Etude_typo_regard\EXTRACT\CHINE\Sub 53_D0_Front Face_ILLUS_rect.jpg;CHINE;0.3762536622462833;0.36853203484170993;0.9715247977711856;0.9444168324113766;1.1702228356910027;1.1747967879371124;0.13935013246812303;0.13543273872104278;315.15869018638847;352.42304124446804;0.9632543315529843;0.9861735226083554;1.8152820662378615;1.8338633766187966;55443.0;54734.0;1.3677964117578272;1.3693065705270964;1.4011059467997349;1.4027528733156045;2.090565144131532;2.090565144131532
41;E:\Data\Etude_typo_regard\EXTRACT\CHINE\Sub 54_D0_Front Face_ILLUS_rect.jpg;CHINE;0.3067676074425549;0.28599706214391274;0.771212218942366;0.7532160732659562;0.9950759096864689;0.8946900699763866;0.13867882538296683;0.14086796680523714;364.3295211755424;377.4029676618879;1.0339952877094012;1.0700134842938012;1.8382944298542896;1.8373382695576752;50462.0;42316.0;1.3738038703364097;1.3542001287804648;1.39740915959352;1.3765674640550944;2.0631488626264534;2.0631488626264534
42;E:\Data\Etude_typo_regard\EXTRACT\CHINE\Sub 55_D0_Front Face_ILLUS_rect.jpg;CHINE;0.2964471486388717;0.2947860021296567;0.8209998461263495;0.7753470939131352;0.9058637016249297;0.951580687704041;0.12766545124835696;0.11633817204421247;330.9531688925187;393.45139471096047;1.0291580356559369;1.0193121295744052;1.8498456145683677;1.8753961212250727;37781.0;39779.0;1.3197480017630945;1.329198428058258;1.3459024586515418;1.3561259023408763;2.0817970925360947;2.0817970925360947
43;E:\Data\Etude_typo_regard\EXTRACT\CHINE\Sub 56_D0_Front Face_ILLUS_rect.jpg;CHINE;0.36057020477796425;0.3738730989909136;0.9023734884458285;0.9098588115224144;1.1320581678862351;1.2014926886612534;0.13198672000730113;0.1325025320706004;343.11076928595526;390.8772185738125;1.0071945913515823;1.014283947397858;1.8804797143891978;1.8967814313111422;54208.0;51399.0;1.3391822064209415;1.3243337133092488;1.364821627060676;1.3488507084397734;2.0755918799818014;2.0755918799818014
44;E:\Data\Etude_typo_regard\EXTRACT\COREE\01_Front_Open_Standard.jpg;COREE;0.3915752552473478;0.3739755070563171;0.9845608380000371;0.9541805457493048;1.2257503470496616;1.1367756022525586;0.12874978430458492;0.11980751812913142;455.2636598719472;527.0379492977712;0.9453155189446244;0.9547325865538263;1.8422661357942727;1.8582265759906984;112329.0;116753.0;1.3288916372836632;1.3440922984111854;1.3509320837997434;1.3671514067617754;2.0670143111515813;2.0670143111515813
45;E:\Data\Etude_typo_regard\EXTRACT\COREE\02_Front_Open_Standard.jpg;COREE;0.31199279198303304;0.29476047032170144;0.757074628102331;0.7176482788407266;1.0105835656348046;0.9587938784603265;0.13205156628870235;0.11804433069933484;496.15824088691704;520.5506699640296;1.0522456650553274;1.0581106643116724;1.816685007012107;1.8190924928899348;98784.0;96794.0;1.3668082576518459;1.3744315084864376;1.3874821937982798;1.3955351039922095;2.0563616977403396;2.0563616977403396
46;E:\Data\Etude_typo_regard\EXTRACT\COREE\03_Front_Open_Standard.jpg;COREE;0.36641451561975535;0.3515616833861592;0.9271616977407059;0.9429026705693502;1.177854145555164;1.055720558136758;0.1086548873303316;0.09683892022652935;433.6865227327222;474.45547736326114;0.8110096610609094;0.8156896641730061;1.8396144107144197;1.8474829122479974;96637.5;104841.5;1.3408017913549273;1.3631178813409672;1.3792247720628863;1.4040568426475075;2.112742895379747;2.112742895379747
47;E:\Data\Etude_typo_regard\EXTRACT\COREE\04_Front_Open_Standard.jpg;COREE;0.2714029895158136;0.26361968159201543;0.718159439334815;0.6914403323659201;0.8621037196756155;0.8362066083325109;0.1243950541019454;0.11513866718996968;449.9444410146657;496.78969393496885;1.077928626936178;1.0346519855287573;1.7970181482082164;1.816017680710597;72679.5;75262.5;1.3296285395479277;1.3411764054917605;1.354714576756765;1.367141281029181;2.076103960061352;2.076103960061352
48;E:\Data\Etude_typo_regard\EXTRACT\COREE\05_Front_Open_Standard.jpg;COREE;0.30367459991526463;0.31795759221692355;0.7552437691439388;0.7848958528108024;0.9723676836108008;1.0704803783768295;0.13823342287138962;0.13743799518600736;525.0838028353188;521.6943549627501;1.023172892022356;1.045163902890783;1.8315892887782506;1.8363355711836733;76392.0;78861.0;1.3100230134517867;1.3057533023361494;1.345490382329563;1.3407322061240157;2.1144023744653135;2.1144023744653135
49;E:\Data\Etude_typo_regard\EXTRACT\COREE\06_Front_Open_Standard.jpg;COREE;0.3789680831331672;0.38803406225328235;0.9691718436579451;0.9580773933433883;1.1239964526577402;1.2317125871985644;0.07383430210248297;0.08061937805371605;502.9612311103113;486.47404863980154;0.7620116896286881;0.8012294745313853;1.8370651910581108;1.8418432954802255;97627.0;98324.0;1.3173608584124372;1.3139653784835843;1.342348220708618;1.33868539814786;2.0787348585492778;2.0787348585492778
50;E:\Data\Etude_typo_regard\EXTRACT\COREE\07_Front_Open_Standard.jpg;COREE;0.3553447457336261;0.34841753157434924;0.8438455049572811;0.8685393952858895;1.1647528266442067;1.056933464421224;0.16592607647141755;0.15055991994622625;480.54240187521435;484.8360547649071;1.0254960187858113;1.0020062225398079;1.8518056156580716;1.8451056708043148;81698.5;79882.5;1.3170125641629726;1.3166424523545746;1.3456312855763883;1.3452277614432628;2.090276300212198;2.090276300212198
51;E:\Data\Etude_typo_regard\EXTRACT\COREE\08_Front_Open_Standard.jpg;COREE;0.340026555375845;0.3295553384631638;0.8602739310536311;0.8369035306070745;1.0890053687994836;1.0756801607153026;0.14311682678315152;0.13545555071256418;456.2159576341012;492.4682730897494;1.0115905157921197;1.0066105732170365;1.8396614271910914;1.8525634664803514;91498.5;89503.5;1.350189673483051;1.3517328663790382;1.379324532851177;1.380996115335456;2.083197368666944;2.083197368666944
52;E:\Data\Etude_typo_regard\EXTRACT\COREE\09_Front_Open_Standard.jpg;COREE;0.2797309684616283;0.27081874548887314;0.715309164004039;0.7121800635577811;0.9170024892662574;0.8469922242562908;0.09291567918689515;0.07887641873153493;499.8119646427044;508.5400672513425;1.0681537182748402;1.0506377039153594;1.811162037794394;1.8122422857372662;85188.5;86263.5;1.3488901301548537;1.3571169776813492;1.3662907624022025;1.3749279177476668;2.049874246197866;2.049874246197866
53;E:\Data\Etude_typo_regard\EXTRACT\COREE\10_Front_Open_Standard.jpg;COREE;0.32904310714887613;0.3324679637134243;0.8361012180693371;0.859500185479878;1.042911827445958;1.0512938651247041;0.13937917159688834;0.14168234656227213;465.4342058766201;473.92509956743163;0.9986844312994525;1.0078820331360514;1.8362816787218095;1.8424655683013837;88525.5;89271.0;1.3385540129139661;1.3373082688912012;1.3576496528469302;1.3563336444692915;2.056403525595831;2.056403525595831
54;E:\Data\Etude_typo_regard\EXTRACT\COREE\11_Front_Open_Standard.jpg;COREE;0.379078356802607;0.36660562005326175;0.9641850711254555;0.9220216158513422;1.161557898851945;1.158671190001467;0.12582481623370692;0.11197840063035112;471.07218130558294;499.5447927863927;1.026424861642551;1.0014818724335868;1.8383754678597164;1.8383950967321863;92208.0;100850.0;1.3148495261598734;1.3357945361184747;1.3447823924730955;1.3677186526351404;2.095070387045851;2.095070387045851
55;E:\Data\Etude_typo_regard\EXTRACT\COREE\12_Front_Open_Standard.jpg;COREE;0.37241622578665484;0.3735392123299639;0.9416045490020217;0.9331197032477029;1.1579129859966755;1.2196701633512932;0.12831678577453712;0.1428281530315554;482.86851212312445;486.6590182047385;0.9395853635549848;0.9098823097201741;1.865860590092672;1.858240470721496;90837.0;94083.5;1.3200182064810244;1.3246290060234565;1.3403433262135938;1.34524696863454;2.0635123856110185;2.0635123856110185
56;E:\Data\Etude_typo_regard\EXTRACT\COREE\13_Front_Open_Standard.jpg;COREE;0.3901596051544986;0.39481423570434476;1.0167890691950092;0.9730867777019828;1.1781522784066996;1.2837300610303743;0.08913516609956343;0.08555330073972388;487.201190474736;483.911148869294;0.8848924158301341;0.8841237049147332;1.8415635004523756;1.8476787670811274;112073.5;109853.0;1.328574465747856;1.3220458985953216;1.3470291474478884;1.3401338974233814;2.0561659033912707;2.0561659033912707
57;E:\Data\Etude_typo_regard\EXTRACT\COREE\14_Front_Open_Standard.jpg;COREE;0.3747258859798313;0.3732703340937575;0.9502270573958785;0.9323756244406435;1.1654520863857414;1.1768610049178736;0.09444875700409394;0.09255912284678276;500.7594232762874;520.1480558456409;0.9592810668723745;0.978119348782323;1.8219608158875649;1.825580970279612;113137.0;113196.5;1.344317277405111;1.3451616662141068;1.3658448990585468;1.3667420812764166;2.06252262975496;2.06252262975496
58;E:\Data\Etude_typo_regard\EXTRACT\COREE\15_Front_Open_Standard.jpg;COREE;0.37656506430811404;0.35784430307796317;0.8922756867241516;0.916201006507329;1.2612471629599376;1.1446037549198462;0.18816515565048525;0.16367202993608335;420.3296325504544;481.8672016230198;0.9616079434487386;0.9557494034082071;1.8224774458418522;1.8379625760777223;98603.5;96823.5;1.3300726664770286;1.3339773196906395;1.3443990215015318;1.3484731508755978;2.043403639499789;2.043403639499789
59;E:\Data\Etude_typo_regard\EXTRACT\COREE\16_Front_Open_Standard.jpg;COREE;0.38258940952920306;0.35496178377065196;0.9437493423722366;0.9270011936679645;1.216210481675509;1.0768974979608124;0.09544081593643931;0.0777578619492174;402.9516099980245;460.92190227846623;0.7979787747146335;0.7985817966977535;1.8292267372601034;1.8488019607679138;84425.5;86527.0;1.3137188342817279;1.330299815627831;1.332600958121866;1.3501799163471226;2.060188046673607;2.060188046673607
60;E:\Data\Etude_typo_regard\EXTRACT\COREE\17_Front_Open_Standard.jpg;COREE;0.39068021275336756;0.368599734262564;0.9549133622819718;0.9372133058336976;1.2415646152110267;1.1531083237913824;0.15086237511562162;0.13562191560868955;453.61657818029533;492.1107598904946;1.0179147772023662;0.9858739211533984;1.8407533948545645;1.8535970398908317;107105.0;108405.5;1.3388081070728008;1.3511511335102342;1.3564450805191002;1.369430634762036;2.0520559369097664;2.0520559369097664
61;E:\Data\Etude_typo_regard\EXTRACT\COREE\18_Front_Open_Standard.jpg;COREE;0.3624402939854958;0.3558388737698082;0.892502738722839;0.9183083788739952;1.1934619413968677;1.1208948726884416;0.07935639740520571;0.07626408377248621;470.01702096839006;519.9249945905659;0.7389733851445484;0.7158977132618237;1.8569225655861443;1.8653919303072781;109402.0;115318.5;1.3359574816355462;1.3480062920997231;1.3742730502381457;1.3876960138292969;2.114048862421719;2.114048862421719
62;E:\Data\Etude_typo_regard\EXTRACT\COREE\19_Front_Open_Standard.jpg;COREE;0.3506043349274981;0.34808076667361604;0.8935739287894477;0.9000998519016657;1.1067529916572483;1.0935901556238135;0.17625067549563422;0.1717621248150263;466.8361596963114;485.828158920415;1.031504493146268;1.0512399588711365;1.8045969113696698;1.8132017190509884;91414.0;94249.0;1.3152534906554183;1.321153340227331;1.325517927364036;1.3316098719779272;2.0325593118327663;2.0325593118327663
63;E:\Data\Etude_typo_regard\EXTRACT\COREE\20_Front_Open_Standard.jpg;COREE;0.3372458308623256;0.3551669094779089;0.8568894004449215;0.9079308188347435;1.0859504801880138;1.1385702702846883;0.056590829737977515;0.06634069624595465;541.7240995193033;469.4603284623739;0.8485023438773911;0.8701230571840988;1.837836304434008;1.8100060788656882;92991.5;86007.0;1.3304432622262552;1.308483073567015;1.3726176564269523;1.3478546941629588;2.127629759846095;2.127629759846095
64;E:\Data\Etude_typo_regard\EXTRACT\COREE\21_Front_Open_Standard.jpg;COREE;0.27208908690350475;0.27375729905047813;0.7409018103212909;0.7470891081968625;0.8323628800554407;0.8448298749785411;0.16169889725318579;0.16345422993037248;538.435697182124;515.3794718457459;1.055359675127746;1.0876830482878759;1.7953790047201903;1.7969997157653894;75674.5;73451.5;1.3464752651608034;1.3395690815021437;1.3648033665427899;1.3575318545418606;2.0528987296495176;2.0528987296495176
65;E:\Data\Etude_typo_regard\EXTRACT\COREE\22_Front_Open_Standard.jpg;COREE;0.399208520851207;0.38592724770421966;0.9929831288509645;1.0089897136725827;1.3137700538138466;1.2444839224152147;0.11991337985783107;0.11656949220059627;475.94642555649057;457.35106865514155;0.9284790265337987;0.8908290708830017;1.8535701217154363;1.8439132913628158;109410.5;104314.0;1.3398469096095755;1.336685676273868;1.367723551515097;1.3643030115116297;2.082027057234526;2.082027057234526
66;E:\Data\Etude_typo_regard\EXTRACT\COREE\23_Front_Open_Standard.jpg;COREE;0.36051997016402965;0.33312065426443405;0.8622707393225447;0.8185402163827568;1.1823730138114894;1.0794646294828387;0.13974293333469326;0.12234074154982416;446.0784684335257;451.88494110780016;1.0096656158126243;1.000452414075925;1.8351187830316351;1.8402031485659969;106474.0;107843.0;1.3441018854448716;1.3598201993613765;1.3591169411534025;1.3755211314602545;2.0436354938570553;2.0436354938570553
67;E:\Data\Etude_typo_regard\EXTRACT\COREE\24_Front_Open_Standard.jpg;COREE;0.2674750839948564;0.26113037801563216;0.7178977076181031;0.6994654367062039;0.8479881849635081;0.8329812666744316;0.14887088281021882;0.1342336936918236;525.3237097257271;542.3651906234396;1.0724588497308998;1.1118959480959665;1.8651649289041563;1.8606681975154493;77506.0;76467.0;1.416078262975246;1.419388098130476;1.450054047900689;1.4536341549191225;2.0816571975726217;2.0816571975726217
68;E:\Data\Etude_typo_regard\EXTRACT\COREE\25_Front_Open_Standard.jpg;COREE;0.34078823231390226;0.3320949912073572;0.8747924401256676;0.8680917855960045;1.1127667485368622;1.0530720682895458;0.124886574154103;0.11676232888173799;477.03249365216203;534.4165042361623;1.0065325534365734;1.017068913889315;1.8154075436480677;1.827909707495081;102021.5;102756.0;1.3455761576548257;1.3519953142633503;1.3806398160355369;1.3877102881628778;2.1014643447009274;2.1014643447009274
69;E:\Data\Etude_typo_regard\EXTRACT\COREE\26_Front_Open_Standard.jpg;COREE;0.322476039340001;0.33340471113522546;0.8214194593946508;0.894657019573259;1.0593776992210473;1.0264863777999755;0.09616213374584821;0.10718562836206433;507.4426075922281;509.65478512420543;0.9643096170221056;0.9772998108805928;1.8600287674977676;1.8504797721589514;87990.0;90620.0;1.3531494727215678;1.3521303862542668;1.3726836370993332;1.3716081807260716;2.0553141541660085;2.0553141541660085
70;E:\Data\Etude_typo_regard\EXTRACT\COREE\27_Front_Open_Standard.jpg;COREE;0.34625574109234475;0.31695160503700726;0.8811198317856885;0.8344763056639967;1.1232988292387935;0.9952605492736742;0.12309873918736448;0.12075968705047473;518.0588769628409;509.5743321636207;1.011220990132677;1.016531143706552;1.8412423186676274;1.8213060682822793;111063.0;100890.5;1.3716123233175832;1.3708784834970202;1.3929027800182396;1.3921268969608285;2.057292116985209;2.057292116985209
71;E:\Data\Etude_typo_regard\EXTRACT\COREE\28_Front_Open_Standard.jpg;COREE;0.3908006145976988;0.37389468031437384;0.9556550005136686;0.9221971827375668;1.2526951300796143;1.180588620671925;0.14106913870084112;0.14076008487456276;497.2132339348984;520.4997598462462;1.0016818229159057;1.0242622769019387;1.830709052832816;1.826129089547723;111589.0;111262.0;1.343155008674601;1.351325079917478;1.353055859442631;1.3614616569727396;2.028852415141108;2.028852415141108
72;E:\Data\Etude_typo_regard\EXTRACT\COREE\29_Front_Open_Standard.jpg;COREE;0.31572814321321924;0.3068284879306866;0.8239755061465633;0.8131687999908693;1.0279686101382104;0.9824398059214671;0.1825318640338653;0.1889690015634337;524.3071618812774;479.67176277116835;1.0538476699606112;1.0864389172306028;1.8642630300872256;1.8441446384056126;82010.0;84187.5;1.3681280517531207;1.3781836073811002;1.4047182369239741;1.4157732671659402;2.099395264763447;2.099395264763447
73;E:\Data\Etude_typo_regard\EXTRACT\COREE\30_Front_Open_Standard.jpg;COREE;0.31740585449180553;0.31288174613051173;0.8296250444081189;0.817344498669105;0.998265440793856;0.9844438867660089;0.13370704019281585;0.12663266434396175;516.9535762522588;552.6345989892417;1.0465113998590676;1.072677557336115;1.8200723043238578;1.8245223388004799;91099.0;94128.0;1.3459938834812668;1.3535246566406622;1.3689765061437096;1.3770075104520991;2.066424939167131;2.066424939167131
74;E:\Data\Etude_typo_regard\EXTRACT\COREE\31_Front_Open_Standard.jpg;COREE;0.2957855711390146;0.2780635602998349;0.74375558429886;0.7403618457095558;0.9751786650559343;0.8595500426661513;0.09949190023539606;0.10023739208185735;464.79672976474353;523.6191363959114;1.0760119357937725;1.092304460594938;1.79282486265033;1.8151865469368396;70943.0;69951.0;1.311565700315949;1.3190838071034483;1.3202921529347513;1.3280208297644525;2.028008386706087;2.028008386706087
75;E:\Data\Etude_typo_regard\EXTRACT\COREE\32_Front_Open_Standard.jpg;COREE;0.3590589339839986;0.34797503404696994;0.8658887318509182;0.9034438398524793;1.1680236631301049;1.0197480653929287;0.16527707208403186;0.13400253461532993;442.6341604530766;509.7548430373173;1.0217730187493135;1.014714640889075;1.8142212167681377;1.8352396089986025;72727.0;75374.0;1.297612084321218;1.3078548015254534;1.316173046682604;1.327054564186027;2.062366292698495;2.062366292698495
76;E:\Data\Etude_typo_regard\EXTRACT\COREE\33_Front_Open_Standard.jpg;COREE;0.4028214925563162;0.4098581161420971;1.0327559617385251;1.0526119488734151;1.2581570568164333;1.286665104609777;0.1260500812516491;0.12661344401641772;495.3473528747277;497.24440670559585;1.0025721745064915;0.9790718106270857;1.8219693876008536;1.8364749589717577;129164.0;128250.5;1.3537397734801055;1.34800529948756;1.374227259500236;1.368160662957265;2.0579168291384757;2.0579168291384757
77;E:\Data\Etude_typo_regard\EXTRACT\COREE\34_Front_Open_Standard.jpg;COREE;0.3260327091912538;0.31401572702652325;0.8705287277915402;0.888965367753286;1.0210382305277999;0.9423507070213667;0.07563663781144055;0.07712299077227128;483.06107274339547;485.1278182087686;0.8479549426476489;0.9019791197399217;1.8182588419264425;1.8186363619735721;86526.5;87817.5;1.3381712642869197;1.346239364416294;1.3483918624624995;1.3567038059285825;2.03022314210266;2.03022314210266
78;E:\Data\Etude_typo_regard\EXTRACT\COREE\35_Front_Open_Standard.jpg;COREE;0.26304015784684215;0.26250663628163406;0.7067322841175422;0.6556033923366142;0.8526266969479036;0.8832114977432972;0.1322242371186532;0.14192682825001343;508.36600987870935;531.3012328237155;1.1709159087930154;1.173922332595481;1.7804469890230723;1.8015548329088356;52962.0;56066.5;1.2902037268896827;1.3007561923430304;1.3125688137277425;1.3239345244441652;2.0770668491330624;2.0770668491330624
79;E:\Data\Etude_typo_regard\EXTRACT\COREE\36_Front_Open_Standard.jpg;COREE;0.3466462926645341;0.33917883937073395;0.8898503276882435;0.8523943341135589;1.0902090796042239;1.1012151697766845;0.15667738361071534;0.15595060127375174;495.90321636383845;463.11337704713304;1.0036749429795;1.027181889259;1.844387777493806;1.8310578772918955;84856.0;81102.0;1.3124358443090716;1.3089315607426462;1.3450757906788977;1.3412054171463044;2.1044692757388543;2.1044692757388543
80;E:\Data\Etude_typo_regard\EXTRACT\COREE\37_Front_Open_Standard.jpg;COREE;0.27502579855703746;0.24928425262246967;0.6770593676402207;0.6157877742462927;0.9036182655863338;0.8320774491485051;0.1291468529524075;0.1380827634982129;493.3041658044254;539.5145966514715;1.075305239740654;1.099375752934736;1.8184469883987922;1.8274670692019714;59129.0;57568.0;1.2913441872832268;1.3022531856532058;1.3029369419905774;1.3142800157522279;2.039790581770149;2.039790581770149
81;E:\Data\Etude_typo_regard\EXTRACT\COREE\38_Front_Open_Standard.jpg;COREE;0.37224327228463244;0.362151869044968;0.9169175908713729;0.9028861098376852;1.1656068550233323;1.120030613670825;0.1171891651227522;0.1342866469925611;456.9562342281808;477.8367922209423;0.9265229690046124;0.9151350380152161;1.859960978209423;1.861043699226402;98539.0;98566.0;1.3222577437542928;1.3266513432844957;1.3515572385801031;1.3563503017359189;2.090919443810635;2.090919443810635
82;E:\Data\Etude_typo_regard\EXTRACT\COREE\39_Front_Open_Standard.jpg;COREE;0.3417998432193743;0.3173357180413711;0.9047080041979318;0.8367793607581026;1.0598816009920915;0.9991211643818168;0.1289474752044023;0.11426810483761551;466.6904755831214;451.7842405396629;0.9982524748253168;1.003941552044281;1.8320683713551527;1.828797705117584;72165.0;70614.5;1.332927278171205;1.3423527315069763;1.3595116255090625;1.369689704243003;2.0798503129088357;2.0798503129088357
83;E:\Data\Etude_typo_regard\EXTRACT\COREE\40_Front_Open_Standard.jpg;COREE;0.352351922843524;0.3522315933927303;0.9241345210068895;0.925469648995368;1.1348192781533022;1.156972096747544;0.15461256572712098;0.15546536097593303;508.5754614607354;515.0038834805034;0.9916366210058887;1.0084757745859982;1.8266700345966693;1.8266335854982454;98719.5;93708.5;1.3436923334622515;1.3337677916592916;1.3678059597028214;1.3571851070766474;2.070160500810876;2.070160500810876
84;E:\Data\Etude_typo_regard\EXTRACT\COREE\41_Front_Open_Standard.jpg;COREE;0.30737200470218035;0.31146621007895525;0.7721026392465749;0.8224738412576622;1.0262824630227352;0.9872435778067993;0.12328504697147745;0.12234875722027244;500.48976013501016;526.8016704605254;1.0571861016759019;1.0418985206688822;1.796497111719501;1.7987142477790177;81712.0;83819.0;1.3273667694685585;1.329046756510771;1.344802307099403;1.3465717701667521;2.05325994956406;2.05325994956406
85;E:\Data\Etude_typo_regard\EXTRACT\COREE\42_Front_Open_Standard.jpg;COREE;0.29563518822682777;0.3170396923682444;0.8258502849710018;0.8485768191375803;0.8819177792987856;1.04287317192732;0.13370968554549886;0.14730712008399235;538.9322777492549;489.22898524106273;1.0175579528786114;1.0408406839894961;1.826712562549634;1.8043747028679251;80692.5;77290.5;1.3590303947530622;1.3368969209339276;1.3795495114548797;1.3561510769556782;2.0571514752001154;2.0571514752001154
86;E:\Data\Etude_typo_regard\EXTRACT\COREE\43_Front_Open_Standard.jpg;COREE;0.36805957357457314;0.3494457267210275;0.8803398610326295;0.8929137626420748;1.2170675807605917;1.0775536226977174;0.1367570557625555;0.13312386820245023;448.4484362777955;482.1700944687466;1.0371668150304472;1.0661673434084729;1.845739408653586;1.8517982643135213;93184.0;99106.5;1.3090496334598387;1.327640993996386;1.3357569830021383;1.3559549656166923;2.086417670984781;2.086417670984781
87;E:\Data\Etude_typo_regard\EXTRACT\COREE\44_Front_Open_Standard.jpg;COREE;0.2805050955401982;0.27314626749188453;0.7720528597138853;0.7566634267500522;0.8853232167474289;0.854744846381867;0.09591789285353418;0.09837348944133129;513.117920170403;513.0896607806476;1.1063313786448477;1.0983351745925891;1.8329133354146703;1.8271475723784585;73031.0;71010.5;1.3046221598948686;1.3045165147513107;1.3293920508403074;1.3292778153214275;2.0813134899771812;2.0813134899771812
88;E:\Data\Etude_typo_regard\EXTRACT\COREE\45_Front_Open_Standard.jpg;COREE;0.3255442157972493;0.31506003094790036;0.8318813520277586;0.8071445913808974;1.0267980627825617;0.9888223457486462;0.07323653728191284;0.06280828289466134;437.55342530941294;463.3961588101481;0.8149711669830902;0.8007262232395358;1.8291670243198097;1.8359456941478052;84277.5;80906.5;1.345455306769189;1.3439558527304243;1.3623998329019873;1.360826830888573;2.0490498359723257;2.0490498359723257
89;E:\Data\Etude_typo_regard\EXTRACT\COREE\46_Front_Open_Standard.jpg;COREE;0.39661236166735714;0.3645774903137382;0.9638874075560901;0.9412368122123593;1.3178428275668375;1.14429321951227;0.17811758198194572;0.16128926319462575;455.0;516.884900147025;1.0058224787591754;1.0135277943985062;1.802919097972361;1.8225667741479248;106173.5;106762.0;1.3461494219077814;1.3631191939849288;1.3598764011511026;1.3775191303222791;2.039656224666405;2.039656224666405
90;E:\Data\Etude_typo_regard\EXTRACT\COREE\47_Front_Open_Standard.jpg;COREE;0.30620757981534824;0.29288037109951487;0.7852546237097101;0.7669017612559673;0.9709665109492577;0.9478903300501054;0.12049573708730513;0.12313991955579588;505.0594024468805;511.994140591472;1.088158944948396;1.1146199357710276;1.8206054172778068;1.8213684393574818;93526.0;88315.5;1.3714498232725558;1.36827136785783;1.3959002540725927;1.3925125790020758;2.0658243166859607;2.0658243166859607
91;E:\Data\Etude_typo_regard\EXTRACT\COREE\48_Front_Open_Standard.jpg;COREE;0.34767673636428503;0.3447219088473121;0.8650770232229715;0.9096528980818204;1.1204179744552487;1.0619345375382578;0.112431004860943;0.12354993315255197;482.90164630077624;534.3940493680669;0.9811586358155314;0.999997400524014;1.8406396201153046;1.8436167214687649;107141.5;110325.5;1.358020211218735;1.36423183399854;1.3690353333369212;1.3754380676275506;2.0307667605711135;2.0307667605711135
92;E:\Data\Etude_typo_regard\EXTRACT\COREE\49_Front_Open_Standard.jpg;COREE;0.27525166522875505;0.27714242905555575;0.74175970902961;0.6888375085547418;0.8323783390889258;0.907155159822238;0.12318426198565219;0.1390150872026674;523.6372790396039;472.2308757377052;1.022788356857062;1.0553351993104338;1.832463747912756;1.8225703070763672;71463.5;74712.0;1.3332865155891773;1.340102718885223;1.3684400000425965;1.3759751442060077;2.1054752677025514;2.1054752677025514
93;E:\Data\Etude_typo_regard\EXTRACT\COREE\50_Front_Open_Standard.jpg;COREE;0.30456603327056403;0.29629044405172855;0.7783716847100771;0.7950630117994597;0.9875641154004733;0.9358552877946645;0.14297467239041986;0.1356291811847054;530.1179114121687;519.4400831664803;1.0486759982894027;1.0610431024944558;1.8305483547856929;1.8214180691411728;67662.0;65832.5;1.3013686430626368;1.301275669081945;1.3289733940891522;1.3288719038820773;2.0915979537419154;2.0915979537419154
94;E:\Data\Etude_typo_regard\EXTRACT\COREE\51_Front_Open_Standard.jpg;COREE;0.3556183830347489;0.3564565199677604;0.8944944910507903;0.8649362016952087;1.1324947098440967;1.1996264613820902;0.153234646833404;0.14504218625388254;480.80349416367596;491.78145552674107;1.0081571513873469;1.0269611639685392;1.827715097349735;1.841310500042162;101893.5;103183.0;1.3539300717783722;1.3553449323675864;1.3739734988157823;1.3754684844275622;2.056631037133123;2.056631037133123
95;E:\Data\Etude_typo_regard\EXTRACT\COREE\52_Front_Open_Standard.jpg;COREE;0.3679263066011079;0.3498527274509246;0.9099590135369219;0.8845980541840612;1.1882600108315822;1.115249056282511;0.12539767205334668;0.12488279766278859;496.23381585700105;511.63463526231294;1.0550764265714634;1.01344461171496;1.8234912631084281;1.829447916102675;103845.5;105756.5;1.3346947097086126;1.3460303789020003;1.3499927536728231;1.361846547475456;2.045707456737303;2.045707456737303
96;E:\Data\Etude_typo_regard\EXTRACT\COREE\53_Front_Open_Standard.jpg;COREE;0.3150558036940828;0.3061758320837467;0.8006674732150627;0.7528690502178252;1.0208970760297094;1.0436803220544457;0.17233442489382814;0.18302761891777228;479.40379639714996;499.29950931279717;1.03785758288713;1.0280573556802195;1.8103975120972366;1.8208824956620853;91284.5;86912.5;1.3405673153883335;1.336485652669586;1.3622749842216542;1.3579331574220204;2.0637397303043254;2.0637397303043254
97;E:\Data\Etude_typo_regard\EXTRACT\COREE\54_Front_Open_Standard.jpg;COREE;0.2981609635373295;0.2984875325884752;0.8147078124479793;0.7938465030997993;0.9404461742267533;0.9692991991913369;0.1304957278053615;0.1161951112605409;491.8861656928359;450.12442724206824;1.0758033900886979;1.0940341245454304;1.8052129831238408;1.8085086289065646;83288.0;87929.5;1.336248674449037;1.3452607027998593;1.3530800965054606;1.3625432351930171;2.0500564711043188;2.0500564711043188
98;E:\Data\Etude_typo_regard\EXTRACT\COREE\55_Front_Open_Standard.jpg;COREE;0.3186872640120332;0.30383177654105054;0.7668555731852467;0.7515407020315173;0.9852893624604078;0.8889561568031258;0.14177329695019758;0.13870196919861916;468.91470439729227;486.96303761168565;1.0351942883939098;1.046231184426951;1.8453429120853684;1.8409791090430216;74750.0;64246.5;1.3353827060782264;1.3173472849456593;1.3491147524775888;1.3303408817012683;2.0409444081358186;2.0409444081358186
99;E:\Data\Etude_typo_regard\EXTRACT\JAPON\02_D0_Front Face_ILLUS_rect.jpg;JAPON;0.3408416455634615;0.3565255307120645;0.8219930357786521;0.8765387207527562;1.130180093439998;1.1601159471006022;0.11235196553770141;0.12405062173327225;404.9802464318476;287.50652166516153;0.9147848034517276;0.9456661168379659;1.875370812090117;1.8352547291375212;56835.0;57074.0;1.3696322341082927;1.3613617353201584;1.4111442226969546;1.4019448956854277;2.1123061918255215;2.1123061918255215
100;E:\Data\Etude_typo_regard\EXTRACT\JAPON\04_D0_Front Face_ILLUS_rect.jpg;JAPON;0.39179874674880655;0.3857868256271687;0.920659355387963;0.9211840443914127;1.218469267028613;1.1867379378762617;0.11972703503280356;0.12429042694226383;302.04966479041155;326.40159313336693;0.9544882112943416;0.9636819296398201;1.8513688729181608;1.8687797055431152;51670.5;54721.5;1.3288415158672506;1.341370331132196;1.3497147739313256;1.363038857377579;2.063475130288905;2.063475130288905
101;E:\Data\Etude_typo_regard\EXTRACT\JAPON\06_D0_Front Face_ILLUS_rect.jpg;JAPON;0.3609199212661114;0.3424578195593999;0.8456141864245346;0.8327667664632211;1.2174972652459242;1.1069496996197246;0.12428464578815245;0.11859966241039839;292.3439754809392;321.0763149159402;0.9604652426816844;0.9743229247110035;1.8574137764222065;1.8577091838152031;49360.0;43615.0;1.333514298489136;1.321842126424716;1.358874989607038;1.3463152563443674;2.0760407911528516;2.0760407911528516
102;E:\Data\Etude_typo_regard\EXTRACT\JAPON\07_D0_Front Face_ILLUS_rect.jpg;JAPON;0.3563807928661321;0.3612575240785602;0.8525781146470681;0.8785984803942928;1.1563865123954404;1.1472810412972667;0.14243132042345477;0.1607133147384485;376.7505806233084;328.0243893371345;0.9323227212295594;0.9359111947413647;1.8853003659803926;1.8503973806589427;61739.0;60455.0;1.4829660993971414;1.4734860568356587;1.5999245130395048;1.5881487177520297;2.242166921836452;2.242166921836452
103;E:\Data\Etude_typo_regard\EXTRACT\JAPON\09_D0_Front Face_ILLUS_rect.jpg;JAPON;0.4488150285112353;0.43776755492284664;1.0247511759767192;1.0852338537990511;1.5301750786332209;1.3782533930312937;0.09896811875064646;0.1100763931685615;300.5328601001894;358.23037280498704;0.9518302045101591;0.9576645531624389;1.8699398455012501;1.882461428561089;62019.5;62860.0;1.3288363684236424;1.3346299107707216;1.3608146155364453;1.3671715606778125;2.0972466861439276;2.0972466861439276
104;E:\Data\Etude_typo_regard\EXTRACT\JAPON\10_D0_Front Face_ILLUS_rect.jpg;JAPON;0.3494558551618313;0.33406278247989246;0.8621700546672262;0.8259310786089282;1.128046469953643;1.077245394688374;0.1772630229531274;0.16244535641705285;285.97377502141694;368.81567211820055;0.9268783816736411;0.934336885453952;1.8007054652909016;1.853205006696448;59823.0;57510.5;1.4897366132060053;1.4914771168086436;1.4931335271220558;1.4948861032158032;2.0069362057572393;2.0069362057572393
105;E:\Data\Etude_typo_regard\EXTRACT\JAPON\11_D0_Front Face_ILLUS_rect.jpg;JAPON;0.33305505554248543;0.3516553864166699;0.7832295070289728;0.8691153372988903;1.0844105970227078;1.1093085416494968;0.1263880755640669;0.12906528028169145;329.2294033041399;328.3443314570849;0.9043573781046065;0.8883286450604219;1.8614899083483605;1.8662561519083996;46552.5;46267.0;1.3366973154357225;1.3242840399913594;1.3562466575782697;1.343112641701339;2.058062067163346;2.058062067163346
106;E:\Data\Etude_typo_regard\EXTRACT\JAPON\12_D0_Front Face_ILLUS_rect.jpg;JAPON;0.3858981634619076;0.3816023987241013;0.9253629515159498;0.9521376672319835;1.2395332139643853;1.184107717303803;0.15246489645862726;0.13900524036860099;327.6858251435359;404.02227661355505;0.9636315211973201;0.9611357283758564;1.8426920432897425;1.866661954286777;55336.5;58429.5;1.350758107692595;1.3618584262810576;1.3708070528012892;1.3825418533110196;2.057158892892264;2.057158892892264
107;E:\Data\Etude_typo_regard\EXTRACT\JAPON\13_D0_Front Face_ILLUS_rect.jpg;JAPON;0.26192053357221573;0.2768279501710845;0.6729529529809211;0.7559948751934432;0.866929673448831;0.8665186411354587;0.13393117703235716;0.14223424707606236;415.5406117336788;291.20439557122074;1.0748206301672458;1.0912974426397914;1.8563700029266397;1.7992060644774428;51416.5;44404.0;1.4454056560681878;1.4004234604880295;1.517305489245815;1.4650620200062094;2.161425505487115;2.161425505487115
108;E:\Data\Etude_typo_regard\EXTRACT\JAPON\14_D0_Front Face_ILLUS_rect.jpg;JAPON;0.3492432085102722;0.34981338753748187;0.8537546568837706;0.8938556201829746;1.1511819983438332;1.13500528718785;0.10541133621583955;0.11012674742379885;368.14263540100865;394.289233938742;0.9917154209290854;1.0021592691790016;1.8569490328608689;1.8617520582435385;62567.5;64398.0;1.363424523376228;1.3663860912205348;1.3964740131580464;1.3997049032409825;2.0909390744322565;2.0909390744322565
109;E:\Data\Etude_typo_regard\EXTRACT\JAPON\15_D0_Front Face_ILLUS_rect.jpg;JAPON;0.33615488429438;0.3266061178471725;0.7944069286878652;0.8130106087267804;1.0906422251364516;1.0375139780398972;0.12803715792107956;0.12722621497488334;313.8566551787615;338.11536492741646;0.8990027787332829;0.9225370776556413;1.8548607696211425;1.8651558134082178;58716.0;57745.5;1.3808571192766945;1.3814955686265122;1.418654476104834;1.4193562870059278;2.099242878536504;2.099242878536504
110;E:\Data\Etude_typo_regard\EXTRACT\JAPON\16_D0_Front Face_ILLUS_rect.jpg;JAPON;0.2363345164966698;0.2261265446309841;0.6017525760767766;0.5694641391775122;0.7575751961776149;0.7236801712616755;0.08071359865085233;0.08719539077817035;368.66515973170016;296.7456823611761;0.969101966712006;1.053087474096726;1.877603516552127;1.8512862888937551;40157.0;35549.5;1.4260311842890463;1.4098303942219432;1.562971891756617;1.54156362454902;2.3214335300269044;2.3214335300269044
111;E:\Data\Etude_typo_regard\EXTRACT\JAPON\17_D0_Front Face_ILLUS_rect.jpg;JAPON;0.2893880524925879;0.2657455739860622;0.7329149998901081;0.7063493520801;0.9756385562437717;0.8391098927006809;0.10961529921625567;0.10515013223136598;355.48980294798895;415.8966217703626;1.0518330348949034;1.072463229751786;1.8577369612056738;1.8857986655556442;41264.0;41129.0;1.3599457642981625;1.3755577309689806;1.4274484661479454;1.445988234826724;2.1875357582868142;2.1875357582868142
112;E:\Data\Etude_typo_regard\EXTRACT\JAPON\18_D0_Front Face_ILLUS_rect.jpg;JAPON;0.3779254435640459;0.3539275934050614;0.8935938174190945;0.873690773867863;1.2002167008419646;1.1065580504085595;0.11396028501617746;0.12001829291751541;308.3018001893599;363.67155511532656;0.950789732866446;0.9598509045219373;1.8390673883377662;1.866993932262783;51859.0;53816.5;1.3215310141615981;1.3385712936681167;1.345604536380776;1.3639206478576282;2.074871540096841;2.074871540096841
113;E:\Data\Etude_typo_regard\EXTRACT\JAPON\19_D0_Front Face_ILLUS_rect.jpg;JAPON;0.3167700906867717;0.3395561317102942;0.778811913251878;0.8740821318389342;1.022287824697452;1.0963383281199839;0.1427127314808446;0.17264479747647818;399.4896744598038;354.25555747228583;0.9969009079807883;1.020619085043041;1.8371853153753068;1.8220175644455994;44869.5;45536.5;1.331773630447576;1.3196963162699666;1.3643169061162652;1.3510549427424883;2.0980887951365723;2.0980887951365723
114;E:\Data\Etude_typo_regard\EXTRACT\JAPON\20_D0_Front Face_ILLUS_rect.jpg;JAPON;0.32055973664374343;0.3194583655835621;0.777799963945546;0.805734342573136;1.0286833480415971;0.9897140279975696;0.09229533063997426;0.09862865336851061;375.7046712512369;369.1341219665286;0.9237923695876498;0.9229311428866681;1.8456882312686955;1.8563460201278212;58089.5;56813.0;1.3374241088463343;1.3330792890895213;1.3683999492375243;1.3636562710714066;2.0918009104242654;2.0918009104242654
115;E:\Data\Etude_typo_regard\EXTRACT\JAPON\21_D0_Front Face_ILLUS_rect.jpg;JAPON;0.3105465786966304;0.31795113800936936;0.7796678722852972;0.843537942745087;1.0088747645380813;0.9869414308334423;0.13663322624490096;0.14570552589807317;338.3622319349487;326.7353669255901;1.0933940522551961;1.0730377210275939;1.838478165454077;1.8430686699241594;46165.5;44579.0;1.3453325231853783;1.3332251977618688;1.3870282879269076;1.3734591129566158;2.1207409147476866;2.1207409147476866
116;E:\Data\Etude_typo_regard\EXTRACT\JAPON\22_D0_Front Face_ILLUS_rect.jpg;JAPON;0.26110034068828186;0.2527534686667983;0.6562756245193613;0.635073421850323;0.8123147380655062;0.8067514764466964;0.11158681765516788;0.11693687546949098;360.6618915272308;339.70575502926056;0.9832278622305093;1.0275645963400477;1.8479530576101533;1.8402889671964788;40820.0;39036.0;1.4404326015008042;1.436946693151978;1.5506495253138948;1.5462912789646734;2.2502469695420335;2.2502469695420335
117;E:\Data\Etude_typo_regard\EXTRACT\JAPON\24_D0_Front Face_ILLUS_rect.jpg;JAPON;0.34612808711457177;0.36003367176847767;0.7749715592530682;0.8356193765158951;1.1737515584392726;1.2024406390407505;0.13864806253324963;0.14801876013879897;366.9564006799718;394.70748662775577;1.0305833275933116;1.0252633909466478;1.83135823935508;1.8473529176251597;63004.5;63970.0;1.3327404293607976;1.3265245431464525;1.3561301975762488;1.3494773697552394;2.070294338023136;2.070294338023136
118;E:\Data\Etude_typo_regard\EXTRACT\JAPON\25_D0_Front Face_ILLUS_rect.jpg;JAPON;0.3369270045727475;0.3157274290936137;0.8630032003763597;0.7615119222365154;0.9925262008092877;1.0267904701130315;0.13855113375575026;0.14182269779073886;365.2683944717911;381.4773912042495;0.9791249132307338;1.0045458244391796;1.834322342880336;1.8593335806789115;51599.5;48625.5;1.3617329587016913;1.3622550481969993;1.4028355750458823;1.4034169879832676;2.1136269597653303;2.1136269597653303
119;E:\Data\Etude_typo_regard\EXTRACT\JAPON\26_D0_Front Face_ILLUS_rect.jpg;JAPON;0.3472786584577672;0.3520998269659188;0.8213108600120123;0.8848492069787841;1.1558569994778325;1.097496507902631;0.1090926681512444;0.09101668296442852;385.87562763149475;324.81533215043896;0.8910631737182666;0.9369305277466241;1.8803616385056088;1.8566013665267471;53514.5;50592.5;1.3303740394739911;1.3178315729858259;1.3688788731387538;1.3548745920762908;2.116549211088343;2.116549211088343
120;E:\Data\Etude_typo_regard\EXTRACT\JAPON\28_D0_Front Face_ILLUS_rect.jpg;JAPON;0.37041892161051415;0.37087398159086;0.9491672595036212;0.912060075458593;1.1646267492297855;1.2469712095514252;0.139845851668018;0.13681961893248207;379.3098996862592;386.7738357231523;0.9294659142574687;0.9295139808352553;1.841197096233466;1.8497530174858248;68801.5;66633.5;1.3622249235069661;1.3553521392075056;1.393741862951244;1.3862710824551592;2.0870093066460997;2.0870093066460997
121;E:\Data\Etude_typo_regard\EXTRACT\JAPON\29_D0_Front Face_ILLUS_rect.jpg;JAPON;0.35134403080692983;0.33614094525729044;0.8138050835805823;0.8353565591193912;1.1687744374706657;1.0411964093568493;0.12026484606499203;0.12826083411890185;329.6619480619503;322.8157369150395;0.966221213750602;0.9818222005659469;1.8761771210938916;1.8684357684705817;59458.5;53783.0;1.3687279548418647;1.3578327562632386;1.3899709596210494;1.3784480712987066;2.0576115927752077;2.0576115927752077
122;E:\Data\Etude_typo_regard\EXTRACT\JAPON\30_D0_Front Face_ILLUS_rect.jpg;JAPON;0.36862705987614136;0.3449244709145352;0.896797426271279;0.8459785998131946;1.205276585110867;1.1221433094193136;0.11970670474157274;0.1309137811665744;351.02421568888946;372.90347276473574;0.9882024347170051;0.9774559526008493;1.8327502558127917;1.857637678971453;73461.5;68959.0;1.351862571862661;1.3522138803496584;1.3621482205748863;1.3625097985135843;2.0292320057168234;2.0292320057168234
123;E:\Data\Etude_typo_regard\EXTRACT\JAPON\31_D0_Front Face_ILLUS_rect.jpg;JAPON;0.3696923765569604;0.3650212116753068;0.8676847046462227;0.8802368951387276;1.2134041703748373;1.1857363451702345;0.1077360857732836;0.11457743475840532;375.82043584669526;307.11886949518424;0.9338567473371143;0.9809112527951764;1.8405518796800209;1.8170223542736568;58669.0;56311.0;1.3390908139874225;1.3328919267658887;1.3574830902974095;1.3509479756055642;2.054239972158813;2.054239972158813
124;E:\Data\Etude_typo_regard\EXTRACT\JAPON\32_D0_Front Face_ILLUS_rect.jpg;JAPON;0.2082901225623191;0.2135509264305023;0.5887636802785534;0.6583331483847559;0.6463448955615297;0.6223827336357144;0.10412913106046466;0.127354166609623;444.41647134191595;327.9405433916337;1.1559411596273736;1.1704933431756435;1.8318046286081635;1.7712451077961335;32755.0;29073.0;1.352101838718226;1.3260846738739132;1.3884216896535961;1.3597208138910266;2.1031515514590526;2.1031515514590526
125;E:\Data\Etude_typo_regard\EXTRACT\JAPON\33_D0_Front Face_ILLUS_rect.jpg;JAPON;0.34677250682133287;0.3404024288703586;0.8169625706628796;0.7917876154333603;1.11017288408435;1.120083110546677;0.11141886051001179;0.10394421179707355;394.80754805347885;269.2953768633988;0.9019792334254543;0.9118803089371493;1.8824156810782877;1.8422953400477895;55934.5;51142.0;1.421240020255239;1.4046113909204558;1.569322636470549;1.5468483827469022;2.3515397614062956;2.3515397614062956
126;E:\Data\Etude_typo_regard\EXTRACT\JAPON\34_D0_Front Face_ILLUS_rect.jpg;JAPON;0.3088272221858179;0.32053143969506137;0.7499786771299403;0.8141269909266649;1.0566292611465435;1.045035488250772;0.13281685224011744;0.1430609951046331;369.139540011633;300.7341018241862;1.0485383104898927;1.059162858155512;1.8276754814104406;1.7981790062772485;58225.5;59673.5;1.3807840640061586;1.376910692797738;1.388453204975518;1.3845018225459567;2.0201403937146787;2.0201403937146787
127;E:\Data\Etude_typo_regard\EXTRACT\JAPON\35_D0_Front Face_ILLUS_rect.jpg;JAPON;0.3239740792716588;0.33699945166574974;0.844563240352322;0.8743514271063102;1.0193322765888722;1.089607606376986;0.12627840590100137;0.12840779567238156;427.9836445473121;391.44859177163994;1.0201003340769053;1.030486355779945;1.8224618295292616;1.8070644977109867;58663.5;55162.5;1.3471246005646376;1.3279961658983868;1.3677110278636861;1.347448170200734;2.059305584408488;2.059305584408488
128;E:\Data\Etude_typo_regard\EXTRACT\JAPON\36_D0_Front Face_ILLUS_rect.jpg;JAPON;0.3788481882937032;0.38547870572945814;0.866547557070048;0.9270542089818294;1.3001199526231835;1.241150553505014;0.09252863569862614;0.08874583013642767;391.9311163967464;323.12536266904215;0.9040485423337434;0.92995970090308;1.8850904653789822;1.8540868180659777;62574.5;60683.5;1.3735824621686947;1.3635789643650973;1.4180167039883722;1.4068233809508297;2.118940920196658;2.118940920196658
129;E:\Data\Etude_typo_regard\EXTRACT\JAPON\38_D0_Front Face_ILLUS_rect.jpg;JAPON;0.3377761939805302;0.3197284103810491;0.8381709250823899;0.8046331078350749;1.1152994975398163;1.0511838671756824;0.11917543001792323;0.11816146431131246;365.0753346913483;347.1959101141602;1.0138894845372106;1.018084801963696;1.8548124369337107;1.8348617212993004;53685.5;48956.0;1.3514145203932773;1.345051070562008;1.3781210302250035;1.3712739762009074;2.07599717223363;2.07599717223363
130;E:\Data\Etude_typo_regard\EXTRACT\JAPON\39_D0_Front Face_ILLUS_rect.jpg;JAPON;0.3385914341722625;0.3204707349353766;0.8416206983677468;0.7659558005444828;1.098332012827073;1.0829990375954166;0.15222853137592723;0.15622980402616765;341.4805997417716;386.38969965567145;0.9779563303247856;1.0160411477676417;1.824485314273839;1.8474357922163807;69650.5;66532.0;1.4758097712247198;1.4795908062942293;1.542991729652296;1.5473066279507997;2.1411949953332234;2.1411949953332234
131;E:\Data\Etude_typo_regard\EXTRACT\JAPON\40_D0_Front Face_ILLUS_rect.jpg;JAPON;0.3059756728543694;0.3089628462525756;0.722098834188455;0.8049069591235909;1.0742102773677242;0.9472326902342506;0.09084789045668445;0.08342565547878042;408.3772765470674;351.55227207344285;0.9888349742008845;1.0131053845008549;1.885345145965982;1.8601930051331002;47783.0;45330.0;1.3552888939720338;1.3429697719894569;1.4287578439768234;1.413891293767818;2.206786508813789;2.206786508813789
132;E:\Data\Etude_typo_regard\EXTRACT\JAPON\41_D0_Front Face_ILLUS_rect.jpg;JAPON;0.38168432378139155;0.37371456731008024;0.9638586818836742;0.9259669340338172;1.1784787926637126;1.1789426252479864;0.11590697958011403;0.1091075819819889;343.3715189120961;324.2298567374695;0.9327059158865775;0.9455454364493037;1.8365387708911356;1.8387386464178515;64340.5;61118.0;1.3666181281698027;1.360740885321516;1.3878525571903408;1.3816349059265687;2.057919746430823;2.057919746430823
133;E:\Data\Etude_typo_regard\EXTRACT\JAPON\42_D0_Front Face_ILLUS_rect.jpg;JAPON;0.33230598234564923;0.33968651254962245;0.8175087618436699;0.819095674410499;1.0184243176976997;1.0603627520677104;0.12319920229072165;0.12724420972512412;354.2033314354906;346.5616828213991;0.9631894096961952;0.9539108013686144;1.8309912605616632;1.822074288145281;49867.0;49399.5;1.344132134784763;1.338589191744585;1.3676025787490227;1.3616815968078773;2.06820183758468;2.06820183758468
134;E:\Data\Etude_typo_regard\EXTRACT\JAPON\43_D0_Front Face_ILLUS_rect.jpg;JAPON;0.3308412389401582;0.32167735690473875;0.7644005644820643;0.7840581715085201;1.1404295715073378;1.0290576903818986;0.12640394715877815;0.1278452649909148;337.3499666518436;445.9820624195552;0.9833110614046657;0.9639003321615345;1.8519754522270724;1.8911569682893796;62882.5;66758.5;1.4516395630030983;1.4717710270457232;1.5343425288367838;1.5581604099236295;2.183117185934213;2.183117185934213
135;E:\Data\Etude_typo_regard\EXTRACT\JAPON\44_D0_Front Face_ILLUS_rect.jpg;JAPON;0.38051109640682174;0.37961566316609874;0.9416317058350059;0.962230661076971;1.2174535781650917;1.1808451984650823;0.10650352429653659;0.11652474071857233;328.5254936835192;396.1224558138556;1.0221897296290565;1.0050680372275058;1.8624838999474835;1.8821515882881248;48139.0;50501.0;1.3161495135772294;1.3236628423585117;1.3416972075911684;1.3498176801967716;2.0808088986912154;2.0808088986912154
136;E:\Data\Etude_typo_regard\EXTRACT\JAPON\45_D0_Front Face_ILLUS_rect.jpg;JAPON;0.3567409786342155;0.36488750619431687;0.8714347117043374;0.9090145664445023;1.190840913814109;1.1860026392106322;0.09864307559013305;0.10355590186932395;321.7530108639234;331.4226908345293;1.0310456097220497;1.0212274053051513;1.8658515264515203;1.8721886943736186;61844.5;62767.5;1.359808533419205;1.3578690749113171;1.3952658484428349;1.3931352660873941;2.098544953024556;2.098544953024556
137;E:\Data\Etude_typo_regard\EXTRACT\JAPON\46_D0_Front Face_ILLUS_rect.jpg;JAPON;0.263118389267204;0.2478742598533679;0.688830981401773;0.6700280910936154;0.8532671038402599;0.7858559864168522;0.1125363323155774;0.11669773385745628;369.87835838286077;420.1071291944473;1.1236161796940283;1.1173097309686186;1.803596846351177;1.840914077615971;39852.5;38823.0;1.349347620482642;1.3548609669021003;1.382659369000285;1.3886984359303394;2.0953541589080276;2.0953541589080276
138;E:\Data\Etude_typo_regard\EXTRACT\JAPON\47_D0_Front Face_ILLUS_rect.jpg;JAPON;0.2937081143816147;0.30869394408551787;0.725825351128358;0.8111670928167373;0.9444591174064851;0.9536581574716553;0.10184277216929719;0.11296530769493325;384.50617680344226;319.9390566967403;0.9868160654778704;0.9902211967098113;1.8398130797628462;1.819965823648251;46419.5;45763.5;1.3508797623893556;1.3374873377917473;1.3664313279280973;1.3524453291458904;2.0443216372265;2.0443216372265
139;E:\Data\Etude_typo_regard\EXTRACT\JAPON\48_D0_Front Face_ILLUS_rect.jpg;JAPON;0.3758620421501469;0.35817511401667657;0.9091149856598834;0.9050892574087722;1.2731455136676901;1.170008023979013;0.14524584591169618;0.13657400609029155;360.6508006368487;412.4427232962172;0.9920466930938919;0.9831241889070906;1.8213016028376008;1.8640608741255704;64425.0;63882.5;1.3804262280872683;1.38784636757194;1.4059734885406148;1.413891922364686;2.067154308949187;2.067154308949187
140;E:\Data\Etude_typo_regard\EXTRACT\JAPON\50_D0_Front Face_ILLUS_rect.jpg;JAPON;0.41935431389569877;0.4220450070858414;0.9205079919079009;1.031467149233155;1.460893280011211;1.3159836315152889;0.13729931674820314;0.14576483793758974;343.11076928595526;347.66938317890464;0.9682577834664268;0.9713560747728576;1.8156203408723623;1.827337123222419;66141.0;66513.0;1.3606586117830106;1.3580247766180924;1.3801019620057473;1.3773261350018229;2.0539106778197067;2.0539106778197067
141;E:\Data\Etude_typo_regard\EXTRACT\JAPON\51_D0_Front Face_ILLUS_rect.jpg;JAPON;0.3330531736827244;0.3427128524135515;0.8116729250440049;0.8822109427250384;1.1010322193529762;1.0775182171124564;0.09318129122154352;0.10269911985346061;386.87077946001557;320.75068199459844;0.9972999971890025;1.0144709078140521;1.8688530212126127;1.8275446303717406;51646.5;52039.0;1.3339711087907973;1.3295427938805737;1.3632351007700974;1.3584187577682112;2.0876243220117323;2.0876243220117323
